{"cameraMode":{"drawMode":0,"name":"Shaded","section":"Shading Mode"},"sceneLighting":true,"audioPlay":false,"sceneViewState":{"showFog":true,"showMaterialUpdate":false,"showSkybox":true,"showFlares":true,"showImageEffects":true,"showParticleSystems":true},"in2DMode":false,"pivot":{"x":-263.45654296875,"y":64.5489501953125,"z":845.967529296875},"rotation":{"x":-0.15397782623767854,"y":0.7138963937759399,"z":-0.16588175296783448,"w":-0.6626659035682678},"size":1490.2216796875,"orthographic":false}